{
  "seed": 123,
  "ViT-B-16___laion2b_s34b_b88k": {
    "mscoco_imagenet": {
      "embedding_shift": {
        "original": {
          "gap_norm": 0.7786026000976562,
          "retrieval@1": 0.3991537392139435,
          "retrieval@5": 0.6538383960723877,
          "retrieval@10": 0.7533749938011169,
          "RMG": 0.8089456033301982,
          "L2M": 0.7786026000976562,
          "L2I": 1.1985480785369873,
          "cosineTP": 0.2809881865978241,
          "V-measure": 0.6534645078455805
        },
        "shifted_lam1": {
          "gap_norm": 0.004488570149987936,
          "retrieval@1": 0.3235945999622345,
          "retrieval@5": 0.5706226229667664,
          "retrieval@10": 0.677815854549408,
          "RMG": 0.7086787668275336,
          "L2M": 0.004488570149987936,
          "L2I": 0.9853596091270447,
          "cosineTP": 0.5118163824081421,
          "V-measure": 0.6574358423446488
        }
      }
    },
    "msrvtt_v2": {
      "embedding_shift": null,
      "classification": {
        "baseline": null,
        "shifted_lam1": null
      }
    },
    "flickr30k": {
      "embedding_shift": {
        "original": {
          "gap_norm": 8.121624946594238,
          "retrieval@1": 0.5947497949138638,
          "retrieval@5": 0.8109926168990976,
          "retrieval@10": 0.874487284659557,
          "RMG": 0.8011008178093597,
          "cosineTP": 0.29993578791618347,
          "L2I": 13.090649604797363,
          "V-measure": 0.5215386262568301
        },
        "shifted_lam1": {
          "gap_norm": 0.09784039855003357,
          "retrieval@1": 0.4889253486464315,
          "retrieval@5": 0.7219031993437244,
          "retrieval@10": 0.7973748974569319,
          "RMG": 0.7158271325115741,
          "cosineTP": 0.5027847290039062,
          "L2I": 0.9946240782737732,
          "V-measure": 0.5346384780278615
        }
      }
    }
  }
}